"año","mes","fecha","encuesta","detalle de encuesta","grupo","variable","porcentaje","porcentaje ic inferior","porcentaje ic superior"
"1994","12","1994-12-15","29","Nov-Dic '94","total","Corrupción","0.13223713917174","0.11321876628476","0.15125551205872"
"1994","12","1994-12-15","29","Nov-Dic '94","total","Delincuencia, asaltos y robos","0.40160162283189","0.37281905724404","0.43038418841974"
"1994","12","1994-12-15","29","Nov-Dic '94","total","Pobreza","0.50455672848608","0.47809011484457","0.53102334212758"
"1994","12","1994-12-15","29","Nov-Dic '94","total","Sueldos","0.25994841941737","0.23815102127445","0.28174581756029"
"1994","12","1994-12-15","29","Nov-Dic '94","total","Inmigración","0.002020255501727","-0.00030864615986447","0.0043491571633185"
"1994","12","1994-12-15","29","Nov-Dic '94","total","Reformas constitucionales","0.0057746144040941","0.0019612881211284","0.0095879406870598"
"1994","12","1994-12-15","29","Nov-Dic '94","total","Alzas de precios, inflación","0.19125578444162","0.16998652793597","0.21252504094726"
"1994","12","1994-12-15","29","Nov-Dic '94","total","Protestas y desórdenes callejeros","0.024922660974283","0.0174025263618","0.032442795586765"
"1995","6","1995-06-15","30","May-Jun '95†","total","Corrupción","0.12072959835976","0.10271442087229","0.13874477584722"
"1995","6","1995-06-15","30","May-Jun '95†","total","Delincuencia, asaltos y robos","0.42017181939443","0.39287497518094","0.44746866360791"
"1995","6","1995-06-15","30","May-Jun '95†","total","Pobreza","0.49847298410748","0.47106342103695","0.52588254717802"
"1995","6","1995-06-15","30","May-Jun '95†","total","Sueldos","0.24487463978633","0.21971203404233","0.27003724553033"
"1995","6","1995-06-15","30","May-Jun '95†","total","Inmigración","0.0017580210416948","-0.00024947493083702","0.0037655170142267"
"1995","6","1995-06-15","30","May-Jun '95†","total","Reformas constitucionales","0.0023558267056856","4.5757217522433E-5","0.0046658961938488"
"1995","6","1995-06-15","30","May-Jun '95†","total","Alzas de precios, inflación","0.19033899473372","0.16802989147811","0.21264809798933"
"1995","11","1995-11-15","31","Nov '95†","total","Corrupción","0.090885156750202","0.075994821801332","0.10577549169907"
"1995","11","1995-11-15","31","Nov '95†","total","Delincuencia, asaltos y robos","0.34979093962828","0.31992753829096","0.37965434096561"
"1995","11","1995-11-15","31","Nov '95†","total","Pobreza","0.47836963848454","0.45178576075895","0.50495351621013"
"1995","11","1995-11-15","31","Nov '95†","total","Sueldos","0.27315234750216","0.24723428163061","0.29907041337372"
"1995","11","1995-11-15","31","Nov '95†","total","Inmigración","0.0016015442316896","-0.00020266093629351","0.0034057493996727"
"1995","11","1995-11-15","31","Nov '95†","total","Reformas constitucionales","0.0052799528725101","0.0017288466831586","0.0088310590618616"
"1995","11","1995-11-15","31","Nov '95†","total","Alzas de precios, inflación","0.16632087744744","0.14463583426696","0.18800592062791"
"1996","7","1996-07-15","32","Jun-Jul '96†","total","Corrupción","0.10311961071394","0.087136548135554","0.11910267329232"
"1996","7","1996-07-15","32","Jun-Jul '96†","total","Delincuencia, asaltos y robos","0.30445388623276","0.27961274767458","0.32929502479095"
"1996","7","1996-07-15","32","Jun-Jul '96†","total","Pobreza","0.50007305592017","0.47271285833919","0.52743325350116"
"1996","7","1996-07-15","32","Jun-Jul '96†","total","Sueldos","0.28599482462426","0.25861881637695","0.31337083287158"
"1996","7","1996-07-15","32","Jun-Jul '96†","total","Reformas constitucionales","0.023186932458656","0.015751068611718","0.030622796305594"
"1996","7","1996-07-15","32","Jun-Jul '96†","total","Desigualdad","0.0047888670618131","0.0011760816426042","0.0084016524810221"
"1996","7","1996-07-15","32","Jun-Jul '96†","total","Alzas de precios, inflación","0.13737277090574","0.11893642746588","0.1558091143456"
"1996","7","1996-07-15","32","Jun-Jul '96†","total","Sistema judicial","0.10551075523343","0.087623130836346","0.12339837963052"
"1996","12","1996-12-15","33","Nov-Dic '96","total","Corrupción","0.13067277723833","0.11191538150925","0.14943017296742"
"1996","12","1996-12-15","33","Nov-Dic '96","total","Delincuencia, asaltos y robos","0.41425538976836","0.38686171967799","0.44164905985872"
"1996","12","1996-12-15","33","Nov-Dic '96","total","Pobreza","0.42077273891428","0.39315528642496","0.4483901914036"
"1996","12","1996-12-15","33","Nov-Dic '96","total","Sueldos","0.25490001305837","0.22876451625948","0.28103550985725"
"1996","12","1996-12-15","33","Nov-Dic '96","total","Reformas constitucionales","0.020929559012787","0.012605178141943","0.029253939883632"
"1996","12","1996-12-15","33","Nov-Dic '96","total","Desigualdad","0.0041821352479933","0.00099978083047916","0.0073644896655075"
"1996","12","1996-12-15","33","Nov-Dic '96","total","Alzas de precios, inflación","0.18675760450484","0.16576173379432","0.20775347521537"
"1996","12","1996-12-15","33","Nov-Dic '96","total","Sistema judicial","0.067724793426455","0.053675582701873","0.081774004151036"
"1997","7","1997-07-15","34","Jun-Jui '97","total","Corrupción","0.17483735932029","0.1531942573037","0.19648046133688"
"1997","7","1997-07-15","34","Jun-Jui '97","total","Delincuencia, asaltos y robos","0.34880282908977","0.32130643704779","0.37629922113174"
"1997","7","1997-07-15","34","Jun-Jui '97","total","Pobreza","0.49763483419836","0.46933236394071","0.52593730445602"
"1997","7","1997-07-15","34","Jun-Jui '97","total","Sueldos","0.28816172397558","0.26241274600711","0.31391070194405"
"1997","7","1997-07-15","34","Jun-Jui '97","total","Reformas constitucionales","0.024763711149701","0.016475258361597","0.033052163937804"
"1997","7","1997-07-15","34","Jun-Jui '97","total","Desigualdad","0.0063651993128343","0.0024473680012196","0.010283030624449"
"1997","7","1997-07-15","34","Jun-Jui '97","total","Alzas de precios, inflación","0.14077109930491","0.12241031711082","0.15913188149901"
"1997","7","1997-07-15","34","Jun-Jui '97","total","Sistema judicial","0.071788232636063","0.056933379265664","0.086643086006462"
"1998","1","1998-01-15","35","Dic-Ene '98","total","Corrupción","0.16347911112422","0.143009491864","0.18394873038443"
"1998","1","1998-01-15","35","Dic-Ene '98","total","Delincuencia, asaltos y robos","0.36976674891671","0.34186960824022","0.39766388959319"
"1998","1","1998-01-15","35","Dic-Ene '98","total","Pobreza","0.45787163803125","0.42902801430358","0.48671526175893"
"1998","1","1998-01-15","35","Dic-Ene '98","total","Sueldos","0.26650608698183","0.24216586918362","0.29084630478004"
"1998","1","1998-01-15","35","Dic-Ene '98","total","Reformas constitucionales","0.027518533209298","0.019163085143611","0.035873981274985"
"1998","1","1998-01-15","35","Dic-Ene '98","total","Desigualdad","0.0035036454017113","0.00062726355689408","0.0063800272465285"
"1998","1","1998-01-15","35","Dic-Ene '98","total","Alzas de precios, inflación","0.14742034865336","0.12982248144599","0.16501821586072"
"1998","1","1998-01-15","35","Dic-Ene '98","total","Sistema judicial","0.08912515081743","0.073866727178338","0.10438357445652"
"1998","6","1998-06-15","36","Jun '98","total","Corrupción","0.11483901650732","0.097349703988767","0.13232832902587"
"1998","6","1998-06-15","36","Jun '98","total","Delincuencia, asaltos y robos","0.42458343184367","0.39458308416193","0.45458377952541"
"1998","6","1998-06-15","36","Jun '98","total","Pobreza","0.41831120365499","0.39235348055948","0.4442689267505"
"1998","6","1998-06-15","36","Jun '98","total","Sueldos","0.27806737497231","0.25126546291713","0.30486928702749"
"1998","6","1998-06-15","36","Jun '98","total","Reformas constitucionales","0.027608594596658","0.01882097774571","0.036396211447607"
"1998","6","1998-06-15","36","Jun '98","total","Desigualdad","0.0026896754842369","-0.0003883909504906","0.0057677419189643"
"1998","6","1998-06-15","36","Jun '98","total","Alzas de precios, inflación","0.088859822674025","0.072790917331561","0.10492872801649"
"1998","6","1998-06-15","36","Jun '98","total","Sistema judicial","0.074568002551277","0.059625489076522","0.089510516026031"
"1999","5","1999-05-15","37","Abr-May '99","total","Corrupción","0.075691355712899","0.060429953417851","0.090952758007946"
"1999","5","1999-05-15","37","Abr-May '99","total","Delincuencia, asaltos y robos","0.35385343149327","0.3251593383821","0.38254752460443"
"1999","5","1999-05-15","37","Abr-May '99","total","Pobreza","0.47141432259161","0.44205826508447","0.50077038009875"
"1999","5","1999-05-15","37","Abr-May '99","total","Sueldos","0.25508476418659","0.22951650201531","0.28065302635786"
"1999","5","1999-05-15","37","Abr-May '99","total","Reformas constitucionales","0.043447996795527","0.032138994337784","0.054756999253271"
"1999","5","1999-05-15","37","Abr-May '99","total","Alzas de precios, inflación","0.074451962402088","0.058758254811309","0.090145669992868"
"1999","5","1999-05-15","37","Abr-May '99","total","Sistema judicial","0.096170611766517","0.080454271754158","0.11188695177888"
"1999","10","1999-10-15","38","Sep-Oct '99","total","Corrupción","0.06805318009551","0.053176593124573","0.082929767066447"
"1999","10","1999-10-15","38","Sep-Oct '99","total","Delincuencia, asaltos y robos","0.41906832729774","0.38976885713339","0.44836779746209"
"1999","10","1999-10-15","38","Sep-Oct '99","total","Pobreza","0.44572944582247","0.41744596654713","0.4740129250978"
"1999","10","1999-10-15","38","Sep-Oct '99","total","Sueldos","0.24456821088905","0.21932378939249","0.26981263238562"
"1999","10","1999-10-15","38","Sep-Oct '99","total","Reformas constitucionales","0.051029263146135","0.038975923321291","0.063082602970978"
"1999","10","1999-10-15","38","Sep-Oct '99","total","Alzas de precios, inflación","0.068099323614112","0.054217000042357","0.081981647185867"
"1999","10","1999-10-15","38","Sep-Oct '99","total","Sistema judicial","0.064589778548084","0.051853604619841","0.077325952476326"
"2000","4","2000-04-15","39","Mar-Abr '00","total","Corrupción","0.048971244123881","0.037699160762205","0.060243327485556"
"2000","4","2000-04-15","39","Mar-Abr '00","total","Delincuencia, asaltos y robos","0.37132397802727","0.34365425271633","0.39899370333821"
"2000","4","2000-04-15","39","Mar-Abr '00","total","Pobreza","0.4298455838235","0.40100666234206","0.45868450530494"
"2000","4","2000-04-15","39","Mar-Abr '00","total","Sueldos","0.33011273127396","0.3008799508706","0.35934551167733"
"2000","4","2000-04-15","39","Mar-Abr '00","total","Reformas constitucionales","0.043763425736242","0.032716583507164","0.05481026796532"
"2000","4","2000-04-15","39","Mar-Abr '00","total","Alzas de precios, inflación","0.090975110815759","0.075243120772308","0.10670710085921"
"2000","4","2000-04-15","39","Mar-Abr '00","total","Sistema judicial","0.070210570900595","0.055941329652316","0.084479812148875"
"2000","12","2000-12-15","40","Nov-Dic '00","total","Corrupción","0.077429336780953","0.063220363495311","0.091638310066596"
"2000","12","2000-12-15","40","Nov-Dic '00","total","Delincuencia, asaltos y robos","0.39965357242316","0.3703260179494","0.42898112689691"
"2000","12","2000-12-15","40","Nov-Dic '00","total","Pobreza","0.42690876819266","0.39704779088781","0.45676974549751"
"2000","12","2000-12-15","40","Nov-Dic '00","total","Sueldos","0.27868214065783","0.25211061953916","0.3052536617765"
"2000","12","2000-12-15","40","Nov-Dic '00","total","Reformas constitucionales","0.024310610208057","0.016056492758996","0.032564727657117"
"2000","12","2000-12-15","40","Nov-Dic '00","total","Alzas de precios, inflación","0.12350389752302","0.10348861228315","0.14351918276289"
"2000","12","2000-12-15","40","Nov-Dic '00","total","Sistema judicial","0.071775358054143","0.056753961276995","0.086796754831291"
"2001","6","2001-06-15","41","Jun '01","total","Corrupción","0.073896339366986","0.059696586595776","0.088096092138195"
"2001","6","2001-06-15","41","Jun '01","total","Delincuencia, asaltos y robos","0.35689483511564","0.32659348775974","0.38719618247154"
"2001","6","2001-06-15","41","Jun '01","total","Pobreza","0.42492053762244","0.39864412450446","0.45119695074041"
"2001","6","2001-06-15","41","Jun '01","total","Sueldos","0.24750835393154","0.22504172580349","0.26997498205959"
"2001","6","2001-06-15","41","Jun '01","total","Reformas constitucionales","0.034393664574565","0.023872052634651","0.044915276514479"
"2001","6","2001-06-15","41","Jun '01","total","Alzas de precios, inflación","0.091777923225907","0.076311650293816","0.107244196158"
"2001","6","2001-06-15","41","Jun '01","total","Sistema judicial","0.049043014426131","0.03754969009547","0.060536338756791"
"2001","12","2001-12-15","42","Dic '01","total","Corrupción","0.078822498918266","0.064713334239466","0.092931663597067"
"2001","12","2001-12-15","42","Dic '01","total","Delincuencia, asaltos y robos","0.36080804298817","0.33407403541604","0.38754205056031"
"2001","12","2001-12-15","42","Dic '01","total","Pobreza","0.3617374215932","0.33531405079583","0.38816079239057"
"2001","12","2001-12-15","42","Dic '01","total","Sueldos","0.2564808028519","0.23254507431075","0.28041653139305"
"2001","12","2001-12-15","42","Dic '01","total","Reformas constitucionales","0.04457516744411","0.033010094993504","0.056140239894715"
"2001","12","2001-12-15","42","Dic '01","total","Alzas de precios, inflación","0.069101051292844","0.055004544632711","0.083197557952977"
"2001","12","2001-12-15","42","Dic '01","total","Sistema judicial","0.080074087443437","0.064370235726545","0.095777939160329"
"2002","7","2002-07-15","43","Jul '02","total","Corrupción","0.10961616930251","0.092707692795091","0.12652464580993"
"2002","7","2002-07-15","43","Jul '02","total","Delincuencia, asaltos y robos","0.37480202181583","0.34549159884814","0.40411244478351"
"2002","7","2002-07-15","43","Jul '02","total","Pobreza","0.38761664377974","0.3595445993752","0.41568868818427"
"2002","7","2002-07-15","43","Jul '02","total","Sueldos","0.22294932981355","0.20031935425335","0.24557930537375"
"2002","7","2002-07-15","43","Jul '02","total","Reformas constitucionales","0.048930657393797","0.036345044792907","0.061516269994687"
"2002","7","2002-07-15","43","Jul '02","total","Alzas de precios, inflación","0.064758726312228","0.051647722463216","0.077869730161241"
"2002","7","2002-07-15","43","Jul '02","total","Sistema judicial","0.11820719890229","0.099481212523975","0.1369331852806"
"2002","12","2002-12-15","44","Dic '02","total","Corrupción","0.12386716521363","0.10491834780017","0.14281598262709"
"2002","12","2002-12-15","44","Dic '02","total","Delincuencia, asaltos y robos","0.36691734426662","0.33830047199632","0.39553421653692"
"2002","12","2002-12-15","44","Dic '02","total","Pobreza","0.43744172909619","0.40807080939775","0.46681264879464"
"2002","12","2002-12-15","44","Dic '02","total","Sueldos","0.27478431290421","0.25051778662687","0.29905083918154"
"2002","12","2002-12-15","44","Dic '02","total","Reformas constitucionales","0.043022637089423","0.031729253885389","0.054316020293458"
"2002","12","2002-12-15","44","Dic '02","total","Alzas de precios, inflación","0.065144830109248","0.051825856813135","0.078463803405361"
"2002","12","2002-12-15","44","Dic '02","total","Sistema judicial","0.09534777549903","0.079469095942489","0.11122645505557"
"2003","7","2003-07-15","45","Jun-Jul '03","total","Corrupción","0.1100661560004","0.092481847510328","0.12765046449048"
"2003","7","2003-07-15","45","Jun-Jul '03","total","Delincuencia, asaltos y robos","0.40314188087418","0.37613741710171","0.43014634464666"
"2003","7","2003-07-15","45","Jun-Jul '03","total","Pobreza","0.41342785333225","0.38706103293552","0.43979467372898"
"2003","7","2003-07-15","45","Jun-Jul '03","total","Sueldos","0.26165728894852","0.23786480670509","0.28544977119195"
"2003","7","2003-07-15","45","Jun-Jul '03","total","Reformas constitucionales","0.034402865399514","0.02445076062871","0.044354970170318"
"2003","7","2003-07-15","45","Jun-Jul '03","total","Alzas de precios, inflación","0.082129985468522","0.066980280191154","0.097279690745891"
"2003","7","2003-07-15","45","Jun-Jul '03","total","Sistema judicial","0.079053613073358","0.064857569912378","0.093249656234339"
"2003","12","2003-12-15","46","Dic '03","total","Corrupción","0.15434496891","0.13484719728051","0.17384274053948"
"2003","12","2003-12-15","46","Dic '03","total","Delincuencia, asaltos y robos","0.45428942345185","0.42424368435372","0.48433516254998"
"2003","12","2003-12-15","46","Dic '03","total","Pobreza","0.37056364259518","0.34474506823641","0.39638221695395"
"2003","12","2003-12-15","46","Dic '03","total","Sueldos","0.27077702595438","0.24628867447296","0.2952653774358"
"2003","12","2003-12-15","46","Dic '03","total","Reformas constitucionales","0.032918261198176","0.022526460784671","0.043310061611682"
"2003","12","2003-12-15","46","Dic '03","total","Alzas de precios, inflación","0.056486148641865","0.044602004009492","0.068370293274239"
"2003","12","2003-12-15","46","Dic '03","total","Sistema judicial","0.10048163710344","0.083309224744013","0.11765404946287"
"2004","7","2004-07-15","47","Jun-Jul '04","total","Corrupción","0.13634726868831","0.115063303617","0.15763123375961"
"2004","7","2004-07-15","47","Jun-Jul '04","total","Delincuencia, asaltos y robos","0.46049785940354","0.43060642525748","0.4903892935496"
"2004","7","2004-07-15","47","Jun-Jul '04","total","Pobreza","0.3630237304335","0.33526865014192","0.39077881072508"
"2004","7","2004-07-15","47","Jun-Jul '04","total","Sueldos","0.25264764692907","0.22736101764702","0.27793427621112"
"2004","7","2004-07-15","47","Jun-Jul '04","total","Reformas constitucionales","0.030713435762642","0.021626959888647","0.039799911636637"
"2004","7","2004-07-15","47","Jun-Jul '04","total","Alzas de precios, inflación","0.067326941570784","0.054954482222994","0.079699400918573"
"2004","7","2004-07-15","47","Jun-Jul '04","total","Sistema judicial","0.10822819387718","0.092796740680897","0.12365964707347"
"2004","12","2004-12-15","48","Dic '04","total","Corrupción","0.12266042300134","0.10444772540175","0.14087312060093"
"2004","12","2004-12-15","48","Dic '04","total","Delincuencia, asaltos y robos","0.45241970318656","0.4231786620144","0.48166074435873"
"2004","12","2004-12-15","48","Dic '04","total","Pobreza","0.34653703038135","0.32006330273884","0.37301075802386"
"2004","12","2004-12-15","48","Dic '04","total","Sueldos","0.2725210488916","0.24755620807821","0.29748588970499"
"2004","12","2004-12-15","48","Dic '04","total","Reformas constitucionales","0.031675722512428","0.02197528389812","0.041376161126735"
"2004","12","2004-12-15","48","Dic '04","total","Alzas de precios, inflación","0.053149605582886","0.041106245932429","0.065192965233344"
"2004","12","2004-12-15","48","Dic '04","total","Sistema judicial","0.10655626926665","0.087554766555924","0.12555777197737"
"2005","7","2005-07-15","49","Jun-Jul '05","total","Corrupción","0.10825268458769","0.090895988558969","0.12560938061642"
"2005","7","2005-07-15","49","Jun-Jul '05","total","Delincuencia, asaltos y robos","0.46790238527333","0.43878646266339","0.49701830788326"
"2005","7","2005-07-15","49","Jun-Jul '05","total","Pobreza","0.34765361752398","0.32031208539439","0.37499514965357"
"2005","7","2005-07-15","49","Jun-Jul '05","total","Sueldos","0.29147639180529","0.26516668908078","0.31778609452979"
"2005","7","2005-07-15","49","Jun-Jul '05","total","Reformas constitucionales","0.027970907420322","0.019051930348325","0.036889884492319"
"2005","7","2005-07-15","49","Jun-Jul '05","total","Alzas de precios, inflación","0.069503325538403","0.056134979068239","0.082871672008567"
"2005","7","2005-07-15","49","Jun-Jul '05","total","Sistema judicial","0.064766472684577","0.052165280041978","0.077367665327177"
"2005","9","2005-09-15","50","Ago-Sep '05†","total","Corrupción","0.10932098543385","0.093284681259256","0.12535728960844"
"2005","9","2005-09-15","50","Ago-Sep '05†","total","Delincuencia, asaltos y robos","0.46945769448203","0.44124140649594","0.49767398246812"
"2005","9","2005-09-15","50","Ago-Sep '05†","total","Pobreza","0.34496590240481","0.31954985052293","0.37038195428669"
"2005","9","2005-09-15","50","Ago-Sep '05†","total","Sueldos","0.28344601709737","0.25955287941927","0.30733915477548"
"2005","9","2005-09-15","50","Ago-Sep '05†","total","Alzas de precios, inflación","0.11885980697501","0.10015068925882","0.13756892469119"
"2005","9","2005-09-15","50","Ago-Sep '05†","total","Sistema judicial","0.10105675320592","0.084083904284241","0.11802960212761"
"2005","11","2005-11-15","51","Oct-Nov '05","total","Corrupción","0.10753876951432","0.09106550744927","0.12401203157936"
"2005","11","2005-11-15","51","Oct-Nov '05","total","Delincuencia, asaltos y robos","0.51540582002813","0.48833425185674","0.54247738819952"
"2005","11","2005-11-15","51","Oct-Nov '05","total","Pobreza","0.34465784296594","0.31817299212637","0.37114269380552"
"2005","11","2005-11-15","51","Oct-Nov '05","total","Sueldos","0.2820499191755","0.25844087711166","0.30565896123935"
"2005","11","2005-11-15","51","Oct-Nov '05","total","Alzas de precios, inflación","0.085817476827321","0.071689372613068","0.099945581041574"
"2005","11","2005-11-15","51","Oct-Nov '05","total","Sistema judicial","0.10105287775735","0.084734629309631","0.11737112620507"
"2006","7","2006-07-15","52","Jun-Jul '06","total","Corrupción","0.080970360764229","0.065595268459427","0.096345453069031"
"2006","7","2006-07-15","52","Jun-Jul '06","total","Delincuencia, asaltos y robos","0.54957940602383","0.52175638236461","0.57740242968306"
"2006","7","2006-07-15","52","Jun-Jul '06","total","Pobreza","0.32376849555274","0.29806490007936","0.34947209102612"
"2006","7","2006-07-15","52","Jun-Jul '06","total","Sueldos","0.26806038798096","0.24331770269776","0.29280307326416"
"2006","7","2006-07-15","52","Jun-Jul '06","total","Alzas de precios, inflación","0.11863419217708","0.10055765417418","0.13671073017997"
"2006","7","2006-07-15","52","Jun-Jul '06","total","Sistema judicial","0.12398256380335","0.10590499566281","0.1420601319439"
"2006","12","2006-12-15","54","Dic '06","total","Corrupción","0.14884393058771","0.12797917060099","0.16970869057443"
"2006","12","2006-12-15","54","Dic '06","total","Delincuencia, asaltos y robos","0.49931100973929","0.46990817865987","0.52871384081871"
"2006","12","2006-12-15","54","Dic '06","total","Pobreza","0.31246694606717","0.28697474487388","0.33795914726046"
"2006","12","2006-12-15","54","Dic '06","total","Sueldos","0.25905587637222","0.23473632054545","0.28337543219899"
"2006","12","2006-12-15","54","Dic '06","total","Alzas de precios, inflación","0.074654840293308","0.059561949218263","0.089747731368353"
"2006","12","2006-12-15","54","Dic '06","total","Sistema judicial","0.11732443017479","0.098258571477833","0.13639028887175"
"2007","6","2007-06-15","55","Jun '07","total","Corrupción","0.10587112000574","0.08882780019098","0.1229144398205"
"2007","6","2007-06-15","55","Jun '07","total","Delincuencia, asaltos y robos","0.50197604297063","0.4733396995199","0.53061238642136"
"2007","6","2007-06-15","55","Jun '07","total","Pobreza","0.35297416393582","0.32488637499562","0.38106195287603"
"2007","6","2007-06-15","55","Jun '07","total","Sueldos","0.28953614152029","0.26382212774466","0.31525015529592"
"2007","6","2007-06-15","55","Jun '07","total","Alzas de precios, inflación","0.079181251112936","0.064388879926565","0.093973622299307"
"2007","6","2007-06-15","55","Jun '07","total","Sistema judicial","0.091641484410921","0.074284374648469","0.10899859417337"
"2007","12","2007-12-15","56","Nov-Dic '07","total","Corrupción","0.087609862032027","0.072344498222303","0.10287522584175"
"2007","12","2007-12-15","56","Nov-Dic '07","total","Delincuencia, asaltos y robos","0.592690129595","0.56587709282965","0.61950316636035"
"2007","12","2007-12-15","56","Nov-Dic '07","total","Pobreza","0.32482147627459","0.29867116365042","0.35097178889875"
"2007","12","2007-12-15","56","Nov-Dic '07","total","Sueldos","0.29977167038134","0.27437668781905","0.32516665294363"
"2007","12","2007-12-15","56","Nov-Dic '07","total","Alzas de precios, inflación","0.16571706531317","0.1457344942038","0.18569963642254"
"2007","12","2007-12-15","56","Nov-Dic '07","total","Sistema judicial","0.094069676417857","0.077925842804321","0.11021351003139"
"2008","6","2008-06-15","57","Jun '08","total","Corrupción","0.1081279714676","0.091300564702698","0.12495537823251"
"2008","6","2008-06-15","57","Jun '08","total","Delincuencia, asaltos y robos","0.4988812946325","0.47085897471094","0.52690361455407"
"2008","6","2008-06-15","57","Jun '08","total","Pobreza","0.2943320495136","0.27002518581212","0.31863891321509"
"2008","6","2008-06-15","57","Jun '08","total","Sueldos","0.31780525183106","0.29208896202924","0.34352154163288"
"2008","6","2008-06-15","57","Jun '08","total","Alzas de precios, inflación","0.29693494051459","0.26860359228914","0.32526628874003"
"2008","6","2008-06-15","57","Jun '08","total","Sistema judicial","0.087244370766926","0.071694895976913","0.10279384555694"
"2008","12","2008-12-15","58","Nov-Dic '08","total","Corrupción","0.13836546939649","0.11925418197273","0.15747675682025"
"2008","12","2008-12-15","58","Nov-Dic '08","total","Delincuencia, asaltos y robos","0.47372005578712","0.44627080607762","0.50116930549661"
"2008","12","2008-12-15","58","Nov-Dic '08","total","Pobreza","0.26747450344085","0.24256864223027","0.29238036465143"
"2008","12","2008-12-15","58","Nov-Dic '08","total","Sueldos","0.29966770918674","0.27276396008261","0.32657145829086"
"2008","12","2008-12-15","58","Nov-Dic '08","total","Alzas de precios, inflación","0.26933495990384","0.2428421454037","0.29582777440399"
"2008","12","2008-12-15","58","Nov-Dic '08","total","Sistema judicial","0.094854043868234","0.07915259471594","0.11055549302053"
"2009","6","2009-06-15","59","May-Jun '09","total","Corrupción","0.10694234230711","0.091071666759902","0.12281301785432"
"2009","6","2009-06-15","59","May-Jun '09","total","Delincuencia, asaltos y robos","0.44463055768666","0.41687846611014","0.47238264926318"
"2009","6","2009-06-15","59","May-Jun '09","total","Pobreza","0.2656290076937","0.24102192455105","0.29023609083634"
"2009","6","2009-06-15","59","May-Jun '09","total","Sueldos","0.32181370206074","0.29369731583263","0.34993008828886"
"2009","6","2009-06-15","59","May-Jun '09","total","Alzas de precios, inflación","0.11403444669168","0.097462388859551","0.13060650452382"
"2009","6","2009-06-15","59","May-Jun '09","total","Sistema judicial","0.09645899743899","0.078935977250319","0.11398201762766"
"2009","8","2009-08-15","60","Ago '09","total","Corrupción","0.14909672049053","0.12676223864341","0.17143120233765"
"2009","8","2009-08-15","60","Ago '09","total","Delincuencia, asaltos y robos","0.5371743514917","0.50808778318417","0.56626091979923"
"2009","8","2009-08-15","60","Ago '09","total","Pobreza","0.25383337660763","0.2268819009024","0.28078485231285"
"2009","8","2009-08-15","60","Ago '09","total","Sueldos","0.26631784535725","0.24081462412964","0.29182106658487"
"2009","8","2009-08-15","60","Ago '09","total","Alzas de precios, inflación","0.088147395190445","0.07353466619567","0.10276012418522"
"2009","8","2009-08-15","60","Ago '09","total","Sistema judicial","0.11394420201959","0.095042114803677","0.13284628923551"
"2009","10","2009-10-15","61","Oct '09","total","Corrupción","0.13410925863322","0.11381194880249","0.15440656846394"
"2009","10","2009-10-15","61","Oct '09","total","Delincuencia, asaltos y robos","0.54048456028631","0.5120833655638","0.56888575500882"
"2009","10","2009-10-15","61","Oct '09","total","Pobreza","0.24244153958272","0.21725103973168","0.26763203943375"
"2009","10","2009-10-15","61","Oct '09","total","Sueldos","0.249663425888","0.22504433716273","0.27428251461327"
"2009","10","2009-10-15","61","Oct '09","total","Alzas de precios, inflación","0.081779821325453","0.067103453470476","0.09645618918043"
"2009","10","2009-10-15","61","Oct '09","total","Sistema judicial","0.13544425785698","0.11605907702902","0.15482943868493"
"2010","7","2010-07-15","62","Jun-Jul '10","total","Corrupción","0.10750279339453","0.083588060255606","0.13141752653346"
"2010","7","2010-07-15","62","Jun-Jul '10","total","Delincuencia, asaltos y robos","0.55466223169202","0.52270057015227","0.58662389323177"
"2010","7","2010-07-15","62","Jun-Jul '10","total","Pobreza","0.25981604863149","0.23167698460502","0.28795511265796"
"2010","7","2010-07-15","62","Jun-Jul '10","total","Sueldos","0.30520915073555","0.27523585673516","0.33518244473594"
"2010","7","2010-07-15","62","Jun-Jul '10","total","Alzas de precios, inflación","0.13148011982367","0.10903739979958","0.15392283984776"
"2010","7","2010-07-15","62","Jun-Jul '10","total","Sistema judicial","0.086224389992778","0.069435268742246","0.10301351124331"
"2010","12","2010-12-15","63","Nov-Dic '10","total","Corrupción","0.14710917681461","0.10758501205543","0.1866333415738"
"2010","12","2010-12-15","63","Nov-Dic '10","total","Delincuencia, asaltos y robos","0.54236405246218","0.50298244084984","0.58174566407452"
"2010","12","2010-12-15","63","Nov-Dic '10","total","Pobreza","0.26996587771399","0.22915441716387","0.31077733826411"
"2010","12","2010-12-15","63","Nov-Dic '10","total","Sueldos","0.27092618074078","0.22978863815031","0.31206372333124"
"2010","12","2010-12-15","63","Nov-Dic '10","total","Alzas de precios, inflación","0.11755659665251","0.084350365023014","0.150762828282"
"2010","12","2010-12-15","63","Nov-Dic '10","total","Sistema judicial","0.08238944693491","0.059284711797167","0.10549418207265"
"2011","7","2011-07-15","64","Jun-Jul '11","total","Corrupción","0.099639124374677","0.077384815746785","0.12189343300257"
"2011","7","2011-07-15","64","Jun-Jul '11","total","Delincuencia, asaltos y robos","0.471634455128","0.43822213779057","0.50504677246542"
"2011","7","2011-07-15","64","Jun-Jul '11","total","Pobreza","0.29629960913721","0.25931681317235","0.33328240510206"
"2011","7","2011-07-15","64","Jun-Jul '11","total","Sueldos","0.26627833497855","0.23447471328364","0.29808195667346"
"2011","7","2011-07-15","64","Jun-Jul '11","total","Alzas de precios, inflación","0.14481292768717","0.11641945646959","0.17320639890474"
"2011","7","2011-07-15","64","Jun-Jul '11","total","Sistema judicial","0.12189397927153","0.074578244793092","0.16920971374997"
"2011","12","2011-12-15","65","Nov-Dic '11","total","Corrupción","0.10100270181045","0.078828514712487","0.12317688890841"
"2011","12","2011-12-15","65","Nov-Dic '11","total","Delincuencia, asaltos y robos","0.55244941048412","0.51651778407838","0.58838103688987"
"2011","12","2011-12-15","65","Nov-Dic '11","total","Pobreza","0.24727130637677","0.21895368100615","0.27558893174738"
"2011","12","2011-12-15","65","Nov-Dic '11","total","Sueldos","0.25433229689324","0.22381828805561","0.28484630573087"
"2011","12","2011-12-15","65","Nov-Dic '11","total","Alzas de precios, inflación","0.1641827901487","0.13728263241136","0.19108294788604"
"2011","12","2011-12-15","65","Nov-Dic '11","total","Sistema judicial","0.077669616506114","0.058019227334816","0.097320005677413"
"2012","4","2012-04-15","66","Abr '12","total","Corrupción","0.079820716836669","0.063453545053498","0.096187888619839"
"2012","4","2012-04-15","66","Abr '12","total","Delincuencia, asaltos y robos","0.44775752038007","0.41395334648656","0.48156169427357"
"2012","4","2012-04-15","66","Abr '12","total","Pobreza","0.27493901885588","0.2455283492549","0.30434968845685"
"2012","4","2012-04-15","66","Abr '12","total","Sueldos","0.30563904821973","0.27494491429239","0.33633318214708"
"2012","4","2012-04-15","66","Abr '12","total","Alzas de precios, inflación","0.16940610763216","0.14648550685831","0.19232670840601"
"2012","4","2012-04-15","66","Abr '12","total","Sistema judicial","0.089931937637403","0.073681189338737","0.10618268593607"
"2012","8","2012-08-15","67","Jul-Ago '12","total","Corrupción","0.096144409393621","0.075103703739655","0.11718511504759"
"2012","8","2012-08-15","67","Jul-Ago '12","total","Delincuencia, asaltos y robos","0.50409697835446","0.46486973577875","0.54332422093018"
"2012","8","2012-08-15","67","Jul-Ago '12","total","Pobreza","0.3129363992884","0.2799519090997","0.34592088947711"
"2012","8","2012-08-15","67","Jul-Ago '12","total","Sueldos","0.29245745954275","0.25781066496027","0.32710425412523"
"2012","8","2012-08-15","67","Jul-Ago '12","total","Alzas de precios, inflación","0.13107553121838","0.10460107231414","0.15754999012262"
"2012","8","2012-08-15","67","Jul-Ago '12","total","Sistema judicial","0.088861112764452","0.068515120365926","0.10920710516298"
"2012","12","2012-12-15","68","Nov-Dic '12","total","Corrupción","0.11770477185618","0.07691992176657","0.15848962194578"
"2012","12","2012-12-15","68","Nov-Dic '12","total","Delincuencia, asaltos y robos","0.45757179416983","0.42038591182997","0.49475767650967"
"2012","12","2012-12-15","68","Nov-Dic '12","total","Pobreza","0.28732123467881","0.253905745237","0.32073672412062"
"2012","12","2012-12-15","68","Nov-Dic '12","total","Sueldos","0.28655708422223","0.24585299051009","0.32726117793437"
"2012","12","2012-12-15","68","Nov-Dic '12","total","Alzas de precios, inflación","0.14633143778817","0.12102318181746","0.17163969375889"
"2012","12","2012-12-15","68","Nov-Dic '12","total","Sistema judicial","0.12100935270084","0.097068510742065","0.14495019465961"
"2013","8","2013-08-15","69","Jul-Ago '13","total","Corrupción","0.083728869758842","0.064163034866742","0.10329470465094"
"2013","8","2013-08-15","69","Jul-Ago '13","total","Delincuencia, asaltos y robos","0.46616039058182","0.42591184829131","0.50640893287233"
"2013","8","2013-08-15","69","Jul-Ago '13","total","Pobreza","0.23987660016687","0.20294357823066","0.27680962210309"
"2013","8","2013-08-15","69","Jul-Ago '13","total","Sueldos","0.28695076336457","0.24972155949135","0.32417996723778"
"2013","8","2013-08-15","69","Jul-Ago '13","total","Alzas de precios, inflación","0.123667741027","0.099003048362251","0.14833243369175"
"2013","8","2013-08-15","69","Jul-Ago '13","total","Sistema judicial","0.12793967105884","0.098097432948764","0.15778190916891"
"2013","9","2013-09-15","70","Sep-Oct '13†","total","Corrupción","0.11598578998534","0.092928960530156","0.13904261944053"
"2013","9","2013-09-15","70","Sep-Oct '13†","total","Delincuencia, asaltos y robos","0.47612622210474","0.43273627353359","0.51951617067588"
"2013","9","2013-09-15","70","Sep-Oct '13†","total","Pobreza","0.23942184877302","0.20729474746331","0.27154895008273"
"2013","9","2013-09-15","70","Sep-Oct '13†","total","Sueldos","0.26405798196434","0.22930033780596","0.29881562612272"
"2013","9","2013-09-15","70","Sep-Oct '13†","total","Alzas de precios, inflación","0.13734564175481","0.1101688664665","0.16452241704312"
"2013","9","2013-09-15","70","Sep-Oct '13†","total","Sistema judicial","0.10336431220816","0.080289436070737","0.12643918834558"
"2014","7","2014-07-15","71","Jul '14†","total","Corrupción","0.094351592151987","0.077419871655437","0.11128331264854"
"2014","7","2014-07-15","71","Jul '14†","total","Delincuencia, asaltos y robos","0.42727933546386","0.39784875768271","0.45670991324501"
"2014","7","2014-07-15","71","Jul '14†","total","Pobreza","0.22427667580713","0.19992914652603","0.24862420508822"
"2014","7","2014-07-15","71","Jul '14†","total","Sueldos","0.32581675783086","0.29613039540395","0.35550312025776"
"2014","7","2014-07-15","71","Jul '14†","total","Reformas constitucionales","0.01961231510455","0.0098616361157281","0.029362994093373"
"2014","7","2014-07-15","71","Jul '14†","total","Desigualdad","0.11272475688812","0.093181418362016","0.13226809541422"
"2014","7","2014-07-15","71","Jul '14†","total","Alzas de precios, inflación","0.13488247542771","0.11311788784711","0.15664706300831"
"2014","7","2014-07-15","71","Jul '14†","total","Sistema judicial","0.095173380361167","0.077340578324623","0.11300618239771"
"2014","11","2014-11-15","72","Nov '14†","total","Corrupción","0.088142623706373","0.069022848185437","0.10726239922731"
"2014","11","2014-11-15","72","Nov '14†","total","Delincuencia, asaltos y robos","0.48074258739403","0.44374958681635","0.51773558797171"
"2014","11","2014-11-15","72","Nov '14†","total","Pobreza","0.21915406209411","0.18840428300171","0.2499038411865"
"2014","11","2014-11-15","72","Nov '14†","total","Sueldos","0.23898339408667","0.20781889791249","0.27014789026086"
"2014","11","2014-11-15","72","Nov '14†","total","Reformas constitucionales","0.031190905154956","0.018891815945268","0.043489994364644"
"2014","11","2014-11-15","72","Nov '14†","total","Desigualdad","0.11135040013408","0.084725131664392","0.13797566860376"
"2014","11","2014-11-15","72","Nov '14†","total","Alzas de precios, inflación","0.14242538512032","0.11570473404683","0.16914603619381"
"2014","11","2014-11-15","72","Nov '14†","total","Sistema judicial","0.098738844429547","0.078233148181168","0.11924454067793"
"2015","4","2015-04-15","73","Abr '15†","total","Pensiones","0.12487316936762","0.094659677785785","0.15508666094946"
"2015","4","2015-04-15","73","Abr '15†","total","Corrupción","0.27735165784634","0.23236621037135","0.32233710532134"
"2015","4","2015-04-15","73","Abr '15†","total","Delincuencia, asaltos y robos","0.455404780617","0.41269967908555","0.49810988214845"
"2015","4","2015-04-15","73","Abr '15†","total","Pobreza","0.2035071154164","0.16401744811058","0.24299678272222"
"2015","4","2015-04-15","73","Abr '15†","total","Sueldos","0.23585720771075","0.20099412166301","0.27072029375848"
"2015","4","2015-04-15","73","Abr '15†","total","Inmigración","0.085431719268981","0.062645674685222","0.10821776385274"
"2015","4","2015-04-15","73","Abr '15†","total","Reformas constitucionales","0.045938665229195","0.027764630281176","0.064112700177213"
"2015","4","2015-04-15","73","Abr '15†","total","Desigualdad","0.12094220428327","0.089009443280912","0.15287496528562"
"2015","8","2015-08-15","74","Ago '15","total","Pensiones","0.11381909207035","0.093891796516767","0.13374638762393"
"2015","8","2015-08-15","74","Ago '15","total","Corrupción","0.25114650578767","0.22320796932992","0.27908504224542"
"2015","8","2015-08-15","74","Ago '15","total","Delincuencia, asaltos y robos","0.60269571950868","0.56839605852123","0.63699538049614"
"2015","8","2015-08-15","74","Ago '15","total","Pobreza","0.22676478580403","0.19956617483504","0.25396339677302"
"2015","8","2015-08-15","74","Ago '15","total","Sueldos","0.25922441866673","0.23026703750083","0.28818179983263"
"2015","8","2015-08-15","74","Ago '15","total","Inmigración","0.10569750059497","0.083750529018703","0.12764447217123"
"2015","8","2015-08-15","74","Ago '15","total","Reformas constitucionales","0.033711801205655","0.02232238620871","0.045101216202601"
"2015","8","2015-08-15","74","Ago '15","total","Desigualdad","0.11160595333041","0.09153836816128","0.13167353849955"
"2015","11","2015-11-15","75","Nov '15","total","Pensiones","0.10162507662605","0.082181787758549","0.12106836549354"
"2015","11","2015-11-15","75","Nov '15","total","Corrupción","0.2419150837454","0.21285810334832","0.27097206414248"
"2015","11","2015-11-15","75","Nov '15","total","Delincuencia, asaltos y robos","0.58031305094132","0.54696985492908","0.61365624695356"
"2015","11","2015-11-15","75","Nov '15","total","Pobreza","0.22579615302471","0.20001039413793","0.25158191191148"
"2015","11","2015-11-15","75","Nov '15","total","Sueldos","0.25459808399398","0.2257860055178","0.28341016247017"
"2015","11","2015-11-15","75","Nov '15","total","Inmigración","0.11370928774177","0.094527059296155","0.13289151618738"
"2015","11","2015-11-15","75","Nov '15","total","Reformas constitucionales","0.046554814188683","0.031290442756201","0.061819185621165"
"2015","11","2015-11-15","75","Nov '15","total","Desigualdad","0.12953079271865","0.10636460791216","0.15269697752513"
"2016","8","2016-08-15","77","Jul-Ago '16†","total","Pensiones","0.11923410211438","0.098737912094573","0.1397302921342"
"2016","8","2016-08-15","77","Jul-Ago '16†","total","Corrupción","0.35853983877051","0.32446570451774","0.39261397302327"
"2016","8","2016-08-15","77","Jul-Ago '16†","total","Delincuencia, asaltos y robos","0.51676630020957","0.48661263966677","0.54691996075238"
"2016","8","2016-08-15","77","Jul-Ago '16†","total","Pobreza","0.19806522401923","0.17216323398584","0.22396721405262"
"2016","8","2016-08-15","77","Jul-Ago '16†","total","Sueldos","0.2900023699413","0.2608771307037","0.31912760917889"
"2016","8","2016-08-15","77","Jul-Ago '16†","total","Inmigración","0.076853321442661","0.059242394655644","0.094464248229678"
"2016","8","2016-08-15","77","Jul-Ago '16†","total","Reformas constitucionales","0.04735178541866","0.03353985158666","0.06116371925066"
"2016","8","2016-08-15","77","Jul-Ago '16†","total","Desigualdad","0.10117379827069","0.082218176372327","0.12012942016906"
"2016","12","2016-12-15","78","Nov-Dic '16","total","Pensiones","0.085386412177947","0.066066419354199","0.10470640500169"
"2016","12","2016-12-15","78","Nov-Dic '16","total","Corrupción","0.25345441033639","0.22442288776604","0.28248593290673"
"2016","12","2016-12-15","78","Nov-Dic '16","total","Delincuencia, asaltos y robos","0.51897176050372","0.48767253724045","0.55027098376699"
"2016","12","2016-12-15","78","Nov-Dic '16","total","Pobreza","0.19507930776785","0.17112866428558","0.21902995125012"
"2016","12","2016-12-15","78","Nov-Dic '16","total","Sueldos","0.30946972030648","0.27811137944645","0.3408280611665"
"2016","12","2016-12-15","78","Nov-Dic '16","total","Inmigración","0.085655520920982","0.069042864487958","0.10226817735401"
"2016","12","2016-12-15","78","Nov-Dic '16","total","Reformas constitucionales","0.019058412351972","0.010780633736507","0.027336190967436"
"2016","12","2016-12-15","78","Nov-Dic '16","total","Desigualdad","0.11080492201968","0.092755157126405","0.12885468691295"
"2017","5","2017-05-15","79","Abr-May '17","total","Pensiones","0.105767023532","0.083435782529011","0.12809826453498"
"2017","5","2017-05-15","79","Abr-May '17","total","Corrupción","0.31850634108594","0.28876229933204","0.34825038283985"
"2017","5","2017-05-15","79","Abr-May '17","total","Delincuencia, asaltos y robos","0.55388210020512","0.52255223058809","0.58521196982216"
"2017","5","2017-05-15","79","Abr-May '17","total","Pobreza","0.19328212493285","0.16973037701808","0.21683387284762"
"2017","5","2017-05-15","79","Abr-May '17","total","Sueldos","0.27840202226475","0.24861916621423","0.30818487831527"
"2017","5","2017-05-15","79","Abr-May '17","total","Inmigración","0.092450101744318","0.074892643623476","0.11000755986516"
"2017","5","2017-05-15","79","Abr-May '17","total","Reformas constitucionales","0.036707794953248","0.024300138101725","0.049115451804771"
"2017","5","2017-05-15","79","Abr-May '17","total","Desigualdad","0.11978502390996","0.098559796853221","0.1410102509667"
"2017","7","2017-07-15","80","Jul-Ago '17","total","Pensiones","0.087255005980826","0.062864245995629","0.11164576596602"
"2017","7","2017-07-15","80","Jul-Ago '17","total","Corrupción","0.23319916559511","0.20303389059469","0.26336444059553"
"2017","7","2017-07-15","80","Jul-Ago '17","total","Delincuencia, asaltos y robos","0.50911130901789","0.47527589393751","0.54294672409826"
"2017","7","2017-07-15","80","Jul-Ago '17","total","Pobreza","0.23164058886979","0.20323930669372","0.26004187104587"
"2017","7","2017-07-15","80","Jul-Ago '17","total","Sueldos","0.2705929921728","0.23927432813798","0.30191165620762"
"2017","7","2017-07-15","80","Jul-Ago '17","total","Inmigración","0.079858478621057","0.062385763538807","0.097331193703307"
"2017","7","2017-07-15","80","Jul-Ago '17","total","Reformas constitucionales","0.045283110600508","0.031170895758272","0.059395325442743"
"2017","7","2017-07-15","80","Jul-Ago '17","total","Desigualdad","0.11134692040789","0.089206626974525","0.13348721384126"
"2017","10","2017-10-15","81","Sep-Oct '17†","total","Pensiones","0.3797386662455","0.34777934302156","0.41169798946944"
"2017","10","2017-10-15","81","Sep-Oct '17†","total","Corrupción","0.19742805792936","0.17222637053009","0.22262974532864"
"2017","10","2017-10-15","81","Sep-Oct '17†","total","Delincuencia, asaltos y robos","0.47098449811184","0.43945129641748","0.5025176998062"
"2017","10","2017-10-15","81","Sep-Oct '17†","total","Pobreza","0.2053614568355","0.176782903256","0.23394001041498"
"2017","10","2017-10-15","81","Sep-Oct '17†","total","Sueldos","0.24913821978071","0.21906218758733","0.27921425197409"
"2017","10","2017-10-15","81","Sep-Oct '17†","total","Reformas constitucionales","0.024535013598219","0.015834893426809","0.033235133769628"
"2017","10","2017-10-15","81","Sep-Oct '17†","total","Desigualdad","0.095020286651069","0.075257353620287","0.11478321968185"
"2017","10","2017-10-15","81","Sep-Oct '17†","total","Sistema judicial","0.09287405954708","0.075348752477597","0.11039936661656"
"2018","10","2018-10-15","82","Oct-Nov '18","total","Pensiones","0.47659809087155","0.43869850929979","0.5144976724433"
"2018","10","2018-10-15","82","Oct-Nov '18","total","Corrupción","0.19590356925566","0.16346706199125","0.22834007652006"
"2018","10","2018-10-15","82","Oct-Nov '18","total","Delincuencia, asaltos y robos","0.48072718921028","0.44067844260335","0.52077593581721"
"2018","10","2018-10-15","82","Oct-Nov '18","total","Pobreza","0.20001554920432","0.16394527140838","0.23608582700025"
"2018","10","2018-10-15","82","Oct-Nov '18","total","Sueldos","0.19021384435532","0.15863746275565","0.22179022595498"
"2018","10","2018-10-15","82","Oct-Nov '18","total","Inmigración","0.058719644279854","0.038758311953236","0.078680976606473"
"2018","10","2018-10-15","82","Oct-Nov '18","total","Reformas constitucionales","0.027437926221165","0.015131091133951","0.039744761308379"
"2018","10","2018-10-15","82","Oct-Nov '18","total","Desigualdad","0.07647355458377","0.056454777914769","0.09649233125277"
"2019","5","2019-05-15","83","May '19†","total","Pensiones","0.45879061739343","0.4206405937614","0.49694064102547"
"2019","5","2019-05-15","83","May '19†","total","Corrupción","0.24971713687137","0.22052109210311","0.27891318163962"
"2019","5","2019-05-15","83","May '19†","total","Delincuencia, asaltos y robos","0.51291994507656","0.47518266187296","0.55065722828015"
"2019","5","2019-05-15","83","May '19†","total","Pobreza","0.19551345903607","0.16777204711818","0.22325487095396"
"2019","5","2019-05-15","83","May '19†","total","Sueldos","0.20591738252195","0.17630663386137","0.23552813118254"
"2019","5","2019-05-15","83","May '19†","total","Inmigración","0.042451196349364","0.026691454901594","0.058210937797134"
"2019","5","2019-05-15","83","May '19†","total","Reformas constitucionales","0.026691919073431","0.013944486254431","0.03943935189243"
"2019","5","2019-05-15","83","May '19†","total","Desigualdad","0.08748049932201","0.064845478489448","0.11011552015457"
"2019","12","2019-12-15","84","Dic '19","total","Pensiones","0.64104565369584","0.60739297992408","0.67469832746759"
"2019","12","2019-12-15","84","Dic '19","total","Corrupción","0.18167075827542","0.15633878459836","0.20700273195248"
"2019","12","2019-12-15","84","Dic '19","total","Delincuencia, asaltos y robos","0.25961402036957","0.22782469323314","0.29140334750601"
"2019","12","2019-12-15","84","Dic '19","total","Pobreza","0.1303044434902","0.10703986534351","0.15356902163689"
"2019","12","2019-12-15","84","Dic '19","total","Sueldos","0.26664480118405","0.23673290579929","0.29655669656881"
"2019","12","2019-12-15","84","Dic '19","total","Inmigración","0.012385439363152","0.0066907929614929","0.018080085764811"
"2019","12","2019-12-15","84","Dic '19","total","Reformas constitucionales","0.071511808485473","0.054019386954676","0.08900423001627"
"2019","12","2019-12-15","84","Dic '19","total","Desigualdad","0.17753738437897","0.14925157928787","0.20582318947007"
"2021","8","2021-08-15","85","Ago '21†","total","Pensiones","0.4094000239555","0.37361518046645","0.44518486744455"
"2021","8","2021-08-15","85","Ago '21†","total","Corrupción","0.19817783033794","0.1680814451867","0.22827421548919"
"2021","8","2021-08-15","85","Ago '21†","total","Delincuencia, asaltos y robos","0.4183106152803","0.37944998287156","0.45717124768905"
"2021","8","2021-08-15","85","Ago '21†","total","Pobreza","0.22746478185947","0.19327273627023","0.26165682744871"
"2021","8","2021-08-15","85","Ago '21†","total","Sueldos","0.17249847124932","0.14303950166595","0.20195744083269"
"2021","8","2021-08-15","85","Ago '21†","total","Inmigración","0.056828531552874","0.041343622629311","0.072313440476437"
"2021","8","2021-08-15","85","Ago '21†","total","Desigualdad","0.11609830330011","0.088853007548394","0.14334359905183"
"2022","5","2022-05-15","86","Abr-May '22","total","Pensiones","0.33106062229261","0.29585640903169","0.36626483555353"
"2022","5","2022-05-15","86","Abr-May '22","total","Corrupción","0.13936355012631","0.11443365804321","0.1642934422094"
"2022","5","2022-05-15","86","Abr-May '22","total","Delincuencia, asaltos y robos","0.50240961933594","0.46697784069961","0.53784139797227"
"2022","5","2022-05-15","86","Abr-May '22","total","Pobreza","0.15140141772112","0.12589779519276","0.17690504024948"
"2022","5","2022-05-15","86","Abr-May '22","total","Sueldos","0.15926678592822","0.1336286678247","0.18490490403174"
"2022","5","2022-05-15","86","Abr-May '22","total","Inmigración","0.13407383642858","0.11000638560728","0.15814128724988"
"2022","5","2022-05-15","86","Abr-May '22","total","Desigualdad","0.095742344271335","0.07346261262281","0.11802207591986"
"2022","5","2022-05-15","86","Abr-May '22","total","Alzas de precios, inflación","0.12947977591908","0.10271157122611","0.15624798061206"
"2022","11","2022-11-15","88","Nov-Dic '22","total","Pensiones","0.31183919717647","0.27973021177231","0.34394818258062"
"2022","11","2022-11-15","88","Nov-Dic '22","total","Corrupción","0.13998419353338","0.11788725797108","0.16208112909568"
"2022","11","2022-11-15","88","Nov-Dic '22","total","Delincuencia, asaltos y robos","0.60484150973887","0.57225654592844","0.6374264735493"
"2022","11","2022-11-15","88","Nov-Dic '22","total","Pobreza","0.12319282746885","0.10235769564067","0.14402795929703"
"2022","11","2022-11-15","88","Nov-Dic '22","total","Sueldos","0.13271029550454","0.11086257243141","0.15455801857767"
"2022","11","2022-11-15","88","Nov-Dic '22","total","Inmigración","0.1914305239268","0.16420060919536","0.21866043865823"
"2022","11","2022-11-15","88","Nov-Dic '22","total","Desigualdad","0.075192324493746","0.056096713540195","0.094287935447297"
"2022","11","2022-11-15","88","Nov-Dic '22","total","Alzas de precios, inflación","0.10288835066886","0.083453322476409","0.12232337886131"
"2022","11","2022-11-15","88","Nov-Dic '22","total","La Constitución","0.028619231504707","0.017498528609981","0.039739934399433"
"2023","7","2023-07-15","89","Jun-Jul '23","total","Pensiones","0.2740622335961","0.23871410527842","0.30941036191378"
"2023","7","2023-07-15","89","Jun-Jul '23","total","Corrupción","0.21106911868727","0.18340601926144","0.23873221811309"
"2023","7","2023-07-15","89","Jun-Jul '23","total","Delincuencia, asaltos y robos","0.53557800109115","0.50044846400097","0.57070753818132"
"2023","7","2023-07-15","89","Jun-Jul '23","total","Pobreza","0.1951992292801","0.15550595920956","0.23489249935063"
"2023","7","2023-07-15","89","Jun-Jul '23","total","Sueldos","0.12538697441207","0.10428448598458","0.14648946283956"
"2023","7","2023-07-15","89","Jun-Jul '23","total","Inmigración","0.15278237412615","0.127116702445","0.1784480458073"
"2023","7","2023-07-15","89","Jun-Jul '23","total","Desigualdad","0.070230754499935","0.050017437604481","0.090444071395389"
"2023","7","2023-07-15","89","Jun-Jul '23","total","Alzas de precios, inflación","0.1155371012422","0.089158481209664","0.14191572127474"
